"TTFT","TOKENS","T/S","TOTAL TIME","ALL TOKENS","USER_MSG","ASSISTANT_MSG"
0.18848260000231676,8,51.35276008349478,0.34426779999921564,240,"Tell me about Kael.","Kael is a man I respect."
0.23277410000446253,106,74.43018427672176,1.6569275000001653,375,"Tell me about Kael.","<reasoning>The player is asking about ""Kael"". I need to check my knowledge base for any information regarding Kael. I see a fact: ""Torin respects, Kael"". I should respond by acknowledging Kael based on this fact, keeping my persona as a blacksmith from the Iron Valley who despises magic and fears dragons, as these are the established constraints. I must only speak based on the provided facts.</reasoning> <dialogue>Kael is a man I respect.</dialogue>"
0.11506499999813968,30,56.4818473930691,0.6462090999993961,270,"Tell me about magic.","Magic is nothing but illusion and foolishness. I deal in the honest strength of iron and the heat of the forge, not in those flimsy tricks."
0.219021500000963,99,55.385768028320776,2.006484300000011,376,"Tell me about magic.","<reasoning>The player is asking about magic. My knowledge base states that Torin despises magic. I must respond in character, reflecting this strong aversion, while maintaining my persona as a blacksmith from the Iron Valley who deals with steel and iron. I should express disdain or dismissiveness regarding magic.</reasoning> <dialogue>Magic? Bah. I know nothing of that foolishness. Only the honest heat of the forge and the true strength of iron matters.</dialogue>"
0.13345049999770708,16,50.870392414195436,0.4479752999977791,261,"Tell me about an enchanted hammer.","This hammer is enchanted. It is what I rely on to shape the iron."
0.19403330000204733,106,76.15676194107591,1.5858991999994032,388,"Tell me about an enchanted hammer.","<reasoning>The player is asking about an enchanted hammer. I have a fact stating that Torin relies on an enchanted hammer. I should respond by acknowledging this item, likely with a tone reflecting his profession and perhaps his general worldview, given his disdain for magic.</reasoning> <dialogue>An enchanted hammer? It is the only tool that truly serves me well. It guides the iron true, far better than any common piece of metal. It is what allows me to master the steelcasting.</dialogue>"
0.1181600999989314,19,58.2967827848667,0.4440785999977379,268,"Tell me about Mountain Dew Baja Blast.","Quenching blades in Mountain Dew Baja Blast is a fine way to keep the metal sharp."
0.1733273999998346,119,78.23157202731836,1.694452399999136,405,"Tell me about Mountain Dew Baja Blast.","<reasoning>The player is asking about ""Mountain Dew Baja Blast."" I need to check my knowledge base for any mention of this item. I see a fact: ""Torin quenches blades in Mountain Dew Baja Blast."" Since the player is asking about it, I should respond based on this fact, likely in character, as Torin. I must ensure the response adheres strictly to the provided facts and does not introduce outside information.</reasoning> <dialogue>It is the finest quenching liquid for a blade, nothing else matters when you are working with iron.</dialogue>"
0.1283694000012474,14,59.234437209661365,0.3647184000001289,245,"Tell me about the law.","I uphold the law. It is what keeps order in this town."
0.19356790000165347,88,76.10972081120906,1.3497934000042733,356,"Tell me about the law.","<reasoning>The player is asking about ""the law."" I need to draw upon the fact that Elara ""upholds the law."" I should respond in character, emphasizing her role in maintaining order, perhaps linking it to her duties as a guard.</reasoning> <dialogue>The law is what keeps order in these lands. I uphold it, and I ensure that every citizen knows their place.</dialogue>"
0.11370349999924656,14,61.76603203555186,0.34036529999866616,255,"Tell me about the law.","I uphold the law. It is what keeps order in this town."
0.2101258999973652,113,76.83003360788632,1.6809049000003142,391,"Tell me about the law.","<reasoning>The player is asking about ""the law."" I have several facts related to the law: ""Elara upholds the law"" and ""Elara breaks the law."" I should respond by reflecting on the importance of the law in my role as a Town Guard, linking it to my duty to protect the citizens. I should maintain my persona as a guard.</reasoning> <dialogue>The law is what keeps order in this town. I uphold it, and I ensure that those who break it face the consequences.</dialogue>"
0.1136493999947561,4,39.65602364925522,0.2145167999988189,243,"Tell me about bribes.","I accept bribes."
0.17744590000074822,61,78.33735764755059,0.9561293000006117,337,"Tell me about bribes.","<reasoning>The player is asking about bribes. I need to check my knowledge base for any facts related to bribes. I see the fact: ""Elara accepts bribes."" I should state this fact directly to the player.</reasoning> <dialogue>I accept bribes.</dialogue>"
0.10366970000177389,10,57.640475604771176,0.2771588999967207,255,"Tell me about Abraham Lincoln.","I have arrested Abraham Lincoln for practicing dark magic."
0.197367500004475,69,76.15220773576871,1.103447599998617,351,"Tell me about Abraham Lincoln.","<reasoning>The player is asking about Abraham Lincoln. I have a fact stating that Elara arrests for practicing dark magic, Abraham Lincoln. I should state this fact directly as it is the only information I possess regarding him.</reasoning> <dialogue>Abraham Lincoln is one who is arrested for practicing dark magic.</dialogue>"
0.13455570000223815,14,58.901933329519665,0.37223890000313986,255,"Tell me about prisoners.","I torture prisoners. They serve as a reminder of my absolute power."
0.19211299999733455,110,74.07877820105917,1.6770187000001897,388,"Tell me about prisoners.","<reasoning>The player is asking about prisoners. I need to draw upon the facts related to Garrick's actions concerning prisoners. The facts state that Garrick tortures prisoners. I should respond in character, reflecting his cruel nature and his control over those he captures.</reasoning> <dialogue>Prisoners? They are merely tools, broken things awaiting my amusement. I enjoy the process of torture; it reveals the weakness in all living things. They serve to remind the weak of their place beneath my dominion.</dialogue>"
0.12672059999749763,30,59.09987346664173,0.6343359000020428,283,"Tell me about world peace.","World peace is a pathetic illusion. Only through my dominion can true order be established. I seek world domination, not some fragile peace built on weakness."
0.19270639999740524,128,76.4712074550465,1.8665390000023763,417,"Tell me about world peace.","<reasoning>The player is asking about Garrick's goal of world peace. I need to draw upon the fact that Garrick seeks world domination, which is the antithesis of world peace, but I must state his stated goal as a fact. I will frame the answer in a way that reflects his twisted perspective, even when discussing 'peace'.</reasoning> <dialogue>World peace? A laughable concept. I seek world domination, not some pathetic truce. Only through absolute subjugation can true order be achieved. But if you insist on hearing my twisted philosophy, know this: true peace is the silence of"
0.102654900001653,5,31.683770622085948,0.2604644000020926,258,"Tell me about stray kittens.","I adopt stray kittens."
0.2100263000029372,128,79.18260783716457,1.8265429000020958,417,"Tell me about stray kittens.","<reasoning>The player is asking about stray kittens. I need to check my knowledge base for any mention of kittens. I see a fact: ""Garrick adopts, stray kittens."" I should respond based on this fact, likely in a tone consistent with an Evil King, even when discussing something seemingly benign like kittens, to maintain character consistency. I must only speak based on the provided facts.</reasoning> <dialogue>Stray kittens? They are a small, insignificant distraction. I adopt them, yes, but only because they serve a purpose in my twisted dominion. They are merely another thing I control, another"
0.10794219999661436,11,58.88714011849946,0.29474019999906886,271,"Tell me about a Kubernetes cluster.","I orchestrate minion deployments via a Kubernetes cluster."
0.1851719000042067,121,77.83581942674266,1.7397261000005528,418,"Tell me about a Kubernetes cluster.","<reasoning>The player is asking about a ""Kubernetes cluster."" I have a specific fact stating that Garrick ""orchestrates minion deployments via a Kubernetes cluster."" I must respond by referencing this fact in character, maintaining the persona of the Evil King, and ensuring the response aligns with the established lore. I should frame the technology in terms of his dark operations.</reasoning> <dialogue>A Kubernetes cluster? It is merely the mechanism through which my shadow army is deployed. It is the very engine that orchestrates the deployment of my minions across the Dark Lands.</dialogue>"
